,latitude,longitude,altitude
0,27.914368654,86.857874293,5077.6
1,27.914735825,86.85948823,5049.6
2,27.914865121,86.86204361,4992.0
3,27.914940532,86.864473132,5025.5
4,27.914974534,86.866637264,4999.8
5,27.914791524,86.868326321,4997.9
6,27.914781813,86.870227227,5000.5
7,27.914906408,86.871964331,5025.3
8,27.915073091,86.873957697,5081.9
9,27.914563869,86.876543072,5042.3
10,27.914255107,86.878887715,5006.9
11,27.914043926,86.881282208,4976.8
12,27.914123651,86.883706174,4978.8
13,27.913741949,86.887318382,4985.2
14,27.913440026,86.889999872,5035.0
15,27.913515528,86.892004839,5116.8
16,27.912429889,86.896497986,5019.5
17,27.912082049,86.899878085,5013.9
18,27.911684748,86.902048847,5016.8
19,27.911781975,86.905660837,5026.5
20,27.911686018,86.909994619,5031.2
21,27.911616568,86.913125678,5060.3
22,27.91148139,86.917696114,5229.8
23,27.911840059,86.921255904,5476.0
24,27.911190919,86.924824659,5405.1
25,27.911145902,86.927165814,5510.0
26,27.911466531,86.928780728,5607.9
27,27.910629573,86.931655095,5511.3
28,27.910586393,86.933521768,5585.8
29,27.909932602,86.935229778,5484.2
30,27.909023205,86.939385755,5341.8
31,27.908683383,86.94114381,5216.4
32,27.908298931,86.942873184,5194.0
33,27.908051948,86.944088861,5140.7
34,27.908038696,86.945534688,5133.6
35,27.908103394,86.947438071,5134.6
36,27.908150523,86.948624615,5140.4
37,27.90823438,86.950758611,5157.9
38,27.908081329,86.951702383,5180.6
39,27.908173533,86.952628322,5221.5
40,27.908288584,86.953783534,5231.9
41,27.909799729,86.95509663,5295.5
42,27.911738089,86.955998343,5334.4
43,27.915309402,86.957704427,5226.2
44,27.918085407,86.95883622,5228.6
45,27.923425756,86.960859973,5254.2
46,27.926799886,86.961871089,5347.4
47,27.941026354,86.964020789,6141.8
48,27.95023542,86.962575417,6989.0
49,27.953096827,86.96205015,7282.1
50,27.957353173,86.961576308,7128.5
51,27.959340843,86.961881594,6869.4
52,27.960258544,86.96240198,6798.5
53,27.963587293,86.962530605,6723.2
54,27.965642731,86.962537343,6669.7
55,27.967079855,86.962532891,6079.3
56,27.969331646,86.962059135,5598.0
57,27.97135949,86.961861448,5553.4
58,27.973654761,86.961811096,5549.4
59,27.976404609,86.961676232,5623.1
60,27.979152034,86.961282876,5670.6
61,27.982796757,86.960653035,5951.9
62,27.985760507,86.960085932,6240.6
63,27.987358168,86.95994852,6114.0
64,27.989785105,86.960056194,5925.0
65,27.992046605,86.960025869,5885.2
66,27.9949252,86.959462423,5861.4
67,27.996365623,86.958836905,6064.6
68,27.997400235,86.958539095,6245.8
69,27.998617149,86.957641626,6490.1
70,28.000200732,86.956412003,6801.0
71,28.001784498,86.956295732,6949.9
72,28.004200519,86.956508972,6710.6
73,28.006036714,86.956685019,6537.5
74,28.008450414,86.956657472,6436.6
75,28.010062059,86.956643344,6455.3
76,28.012067098,86.956810137,6492.1
77,28.015224693,86.95705499,6570.8
78,28.016943436,86.956844389,6780.4
79,28.017962028,86.956871948,6708.6
80,28.020973968,86.957433703,6480.4
81,28.022993788,86.957405798,6435.2
82,28.023195179,86.957401937,6433.6
83,28.025029384,86.957176754,6417.5
84,28.027882804,86.956268315,6396.1
85,28.029097575,86.955575797,6372.1
86,28.030314702,86.954884248,6362.1
87,28.031738945,86.954192219,6351.5
88,28.032950937,86.952588107,6324.8
89,28.033540456,86.950072879,6310.5
90,28.033699687,86.946634319,6312.5
91,28.033389015,86.942927801,6358.0
92,28.032521071,86.939593774,6524.2
93,28.032024526,86.936496526,6774.5
94,28.031575731,86.932480258,7060.0
95,28.031536193,86.929579434,7054.2
96,28.031519976,86.925347983,6988.4
97,28.031769173,86.922450925,6919.1
98,28.03176113,86.918190929,6847.1
99,28.032183637,86.914356124,6783.5
100,28.032264316,86.911889624,6861.9
101,28.032496524,86.908993248,6976.1
102,28.032439485,86.907885935,6991.6
103,28.032913963,86.906052924,6920.8
104,28.033605355,86.903896312,6733.4
105,28.034120139,86.901466713,6377.6
106,28.034449123,86.898755014,6111.1
107,28.034892449,86.896041814,5909.4
108,28.034739462,86.894129854,5816.9
109,28.034430298,86.891702881,5743.7
110,28.034228268,86.890043807,5727.6
111,28.03397814,86.886997105,5725.8
112,28.033951916,86.885119098,5720.7
113,28.033935516,86.883945226,5727.8
114,28.033700536,86.882310842,5728.5
115,28.033669781,86.88043729,5719.0
116,28.033573617,86.87839973,5776.8
117,28.033497377,86.877297829,5831.1
118,28.033405099,86.875981734,5891.1
119,28.033346877,86.874153934,5918.3
120,28.033291921,86.872325226,5944.6
121,28.032978938,86.870101938,5968.6
122,28.032936678,86.868500981,5986.7
123,28.032700192,86.867364629,6004.4
124,28.03240107,86.864665194,6051.7
125,28.031923598,86.863123209,6076.6
126,28.031640888,86.861124904,6123.3
127,28.030960496,86.858886485,6151.2
128,28.030443793,86.857676698,6206.5
129,28.030296513,86.856777233,6283.1
130,28.028968392,86.854385651,6605.3
131,28.027918751,86.851233257,6426.3
132,28.027426226,86.849790252,6288.0
133,28.02403733,86.849457026,6214.4
134,28.019146005,86.848411497,5848.9
135,28.016959313,86.847433596,5756.9
136,28.014983773,86.847087377,5660.6
137,28.011525802,86.846769402,5516.6
138,28.009463091,86.846390355,5430.9
139,28.005913375,86.846399153,5414.4
140,28.000681148,86.846058067,5345.3
141,27.996893459,86.84572386,5268.5
142,27.990142708,86.845728018,5228.2
143,27.987392995,86.845726397,5188.1
144,27.981669235,86.845057263,5165.6
145,27.973903642,86.845738827,5452.1
146,27.968979914,86.845551577,5312.4
147,27.963601331,86.845586155,5431.9
148,27.96020318,86.846184541,5532.4
149,27.95721469,86.846122778,5483.5
150,27.954508634,86.845848506,5339.9
151,27.95226788,86.846552603,5541.1
152,27.950036752,86.846996242,5733.8
153,27.948258963,86.847156424,5791.6
154,27.945477438,86.847042904,5568.6
155,27.943662756,86.846884439,5492.7
156,27.940568237,86.847198457,5417.2
157,27.938591339,86.84712777,5362.7
158,27.937757827,86.847383606,5349.0
159,27.936764108,86.847700117,5376.0
160,27.93542349,86.848334173,5503.4
161,27.934462138,86.848669704,5617.1
162,27.932395698,86.848731215,5612.2
163,27.928547134,86.848308438,5283.9
164,27.925020311,86.848222841,5226.4
165,27.922768399,86.848133427,5145.0
166,27.92081466,86.848595762,5136.5
167,27.919085409,86.848832071,5144.2
168,27.917525905,86.849267526,5119.0
169,27.916591813,86.849211605,5082.4
170,27.914514256,86.849822482,5018.3
171,27.91321226,86.850538427,5004.9
172,27.913086156,86.85156006,5021.8
173,27.907980428,86.957168228,5365.0
174,27.908722781,86.958685662,5471.3
175,27.909211184,86.961069818,5630.4
176,27.909751734,86.963165358,5750.2
177,27.91015434,86.96554248,5882.4
178,27.910509204,86.967223132,5984.6
179,27.910648518,86.967846838,6048.4
180,27.910889689,86.968643049,6108.1
181,27.911451402,86.970404347,6298.6
182,27.911535756,86.971391082,6393.1
183,27.911288111,86.973629629,6249.2
184,27.911151455,86.974645897,6204.0
185,27.911086752,86.976083512,6172.0
186,27.911065142,86.976563349,6164.4
187,27.911202933,86.978234787,6136.3
188,27.912248211,86.980062678,6113.6
189,27.913280487,86.981433662,6108.8
190,27.914597011,86.982972567,6143.8
191,27.915973451,86.983834815,6274.1
192,27.918083947,86.984632637,6436.0
193,27.919096121,86.986393085,6436.1
194,27.92183898,86.988498954,6439.9
195,27.92421318,86.990005713,6084.8
196,27.935175496,86.995284226,5898.6
197,27.943904574,86.995877378,6565.2
198,27.94823564,86.996476735,6313.3
199,27.954631548,86.995314352,6784.0
200,27.955440749,86.995628107,6763.2
201,27.958703241,86.997393486,6307.0
202,27.962746102,86.997417917,6157.9
203,27.966973106,86.998510448,5807.2
204,27.969718395,86.998860427,5641.5
205,27.971308399,86.999036924,5593.8
206,27.975044776,86.998747746,5603.5
207,27.977299365,86.998834357,5516.3
208,27.978737664,86.99889023,5501.8
209,27.98079574,86.998979346,5473.6
210,27.981207515,86.998999613,5468.2
211,27.983466557,86.999165404,5391.7
212,27.985545229,86.999232156,5353.5
213,27.988061043,86.999465105,5349.1
214,27.990791466,86.999676405,5330.3
215,27.993943364,86.999868804,5328.3
216,27.997937858,87.000025651,5326.7
217,28.003163594,86.99946802,5446.7
218,28.005853149,86.998928215,5561.9
219,28.008345343,86.998833327,5612.5
220,28.010622255,86.998920527,5651.2
221,28.013177657,86.999228074,5505.9
222,28.016719716,86.998916336,5504.8
223,28.017949327,86.998798403,5528.5
224,28.020794292,86.997584512,5622.0
225,28.022858672,86.997050919,5636.2
226,28.025287947,86.99591325,5657.8
227,28.026504568,86.995586818,5679.9
228,28.027309356,86.99505506,5690.2
229,28.028919125,86.994453211,5743.4
230,28.03023293,86.992523532,5820.8
231,28.031708608,86.990078063,6052.0
232,28.032712471,86.98733259,6062.6
233,28.03335893,86.984965559,6221.0
234,28.034132726,86.980925166,6315.3
235,28.034243503,86.977193521,6303.5
236,28.034008605,86.973346169,6355.9
237,28.032934764,86.970489452,6544.5
238,28.032087229,86.968127604,6741.6
239,28.03172351,86.965975809,6674.7
240,28.031843498,86.963480632,6530.3
241,28.032084895,86.961298763,6483.2
242,28.032907075,86.958392354,6445.0
243,28.033363739,86.955521792,6369.1
244,28.033979803,86.953037864,6320.8
245,27.917980106,86.856550357,5159.7
246,27.921764349,86.857337885,5218.1
247,27.929572348,86.858602566,5203.4
248,27.933262029,86.858860917,5249.8
249,27.94090291,86.858536588,5277.3
250,27.942029441,86.858591653,5315.8
251,27.94543368,86.858111858,5452.1
252,27.949998536,86.856353263,5437.5
253,27.965079942,86.85482219,5819.6
254,27.970238331,86.854734188,6139.0
255,27.970972412,86.854302245,6043.5
256,27.975391109,86.851890764,5382.0
257,27.988582597,86.851307969,5376.4
258,27.996974581,86.850971385,5258.2
259,28.000130288,86.850961117,5276.3
260,28.000971846,86.85093214,5286.1
261,28.008715125,86.851041045,5401.3
262,28.012033063,86.851146595,5469.3
263,28.013905204,86.851147228,5470.4
264,28.015543883,86.850740631,5522.0
265,28.016956738,86.850635463,5585.6
266,28.017961716,86.850739298,5625.6
267,28.018936589,86.850683033,5691.2
268,28.021227704,86.851209894,5937.3
269,28.021986682,86.851371638,6051.7
270,28.022918407,86.851603898,6178.8
271,28.024391927,86.851979179,6295.4
272,28.025349285,86.852573896,6321.7
273,28.026273128,86.853707137,6463.3
274,28.026788523,86.854369584,6585.0
275,28.026850855,86.855877603,6565.9
276,28.026380101,86.856537591,6491.4
277,28.025734489,86.857134339,6343.2
278,28.024933179,86.8578533,6102.5
279,28.022110504,86.858004459,5729.7
280,28.018179447,86.858197802,5492.2
281,28.006342934,86.859021443,5329.5
282,28.000685088,86.859818529,5313.4
283,27.996702585,86.860423508,5349.7
284,27.991599701,86.86226724,5909.9
285,27.985954914,86.863350726,6181.9
286,27.981896474,86.862848387,5838.2
287,27.977034556,86.863398029,5997.5
288,27.972575308,86.864041088,6262.8
289,27.961294629,86.861772372,5521.3
290,27.953467503,86.861316674,5472.2
291,27.948316059,86.86102827,5421.7
292,27.94392366,86.860197513,5306.8
293,27.940859124,86.859899894,5239.0
294,27.937417656,86.859663489,5210.6
295,27.934098181,86.859543473,5262.0
296,27.932840758,86.859574474,5238.1
297,27.931327443,86.859569708,5235.5
298,27.929202339,86.860067964,5202.1
299,27.925547157,86.861262648,5221.4
300,27.923186664,86.861828342,5089.4
301,27.921653894,86.862770564,5048.7
302,27.919691378,86.864908858,5039.4
303,27.917779747,86.866372442,5022.3
304,27.916940604,86.867109177,5011.4
305,27.915877099,86.868557624,5017.9
306,27.915659364,86.869511516,5034.9
307,27.916876096,86.870770703,5046.2
308,27.919420211,86.871925032,5198.9
309,27.921858127,86.872421855,5254.7
310,27.927282713,86.873225991,5223.3
311,27.930908494,86.873418909,5208.6
312,27.940245445,86.873235429,5679.8
313,27.944854393,86.871894883,5506.8
314,27.950152693,86.871195191,5382.3
315,27.961846657,86.872606481,5694.1
316,27.964966131,86.872836254,5893.4
317,27.96928525,86.874199425,6752.2
318,27.973357256,86.875780763,7443.6
319,27.978082053,86.875672225,6652.3
320,27.98713185,86.875033451,6037.6
321,27.987744683,86.875017003,6033.8
322,27.994874389,86.874118914,5851.3
323,27.998560518,86.872403685,5720.6
324,27.99938599,86.872112276,5675.7
325,28.000833143,86.871228782,5586.7
326,28.001870371,86.870376461,5516.8
327,28.004166146,86.868970923,5414.2
328,28.00562304,86.868212846,5415.2
329,28.007078258,86.867471627,5412.5
330,28.008510459,86.866851507,5510.9
331,28.011931815,86.867284938,5749.3
332,28.017095116,86.867206319,5812.2
333,28.019361354,86.86718187,5793.2
334,28.021910747,86.86742962,5994.4
335,28.022661466,86.867563887,6074.5
336,28.024162963,86.867564844,6207.1
337,28.025356996,86.867594775,6212.1
338,28.026641949,86.867218128,6087.0
339,28.028345264,86.866826141,6037.2
340,28.028995791,86.867941209,6026.0
341,28.029682931,86.870427649,5989.3
342,28.030603774,86.873114854,5943.3
343,28.031490504,86.874910598,5912.7
344,28.031351904,86.876253425,5889.9
345,28.029320906,86.876732949,5855.3
346,28.026609429,86.877312174,5915.1
347,28.024001509,86.8775844,5999.9
348,28.017868271,86.87770003,6026.3
349,28.011354848,86.877482826,5983.0
350,28.006409455,86.877699344,6040.9
351,28.002720978,86.878382181,6122.8
352,27.999258942,86.878866,6360.0
353,27.996428314,86.879573632,6311.9
354,27.9927913,86.880580272,6295.5
355,27.989080461,86.880642947,6078.4
356,27.986029783,86.88095903,6099.9
357,27.980426553,86.881289255,6266.4
358,27.975139137,86.882295499,6704.7
359,27.970777821,86.883330909,7582.6
360,27.96698732,86.883715169,7530.0
361,27.961301254,86.88241831,6722.5
362,27.953625767,86.881624966,6265.9
363,27.948575699,86.880916418,5688.3
364,27.944680885,86.880261169,5507.7
365,27.943012961,86.880293501,5533.8
366,27.940737722,86.880116042,5543.6
367,27.937633469,86.879823309,5470.1
368,27.935237537,86.87957533,5417.1
369,27.93262242,86.879220801,5492.8
370,27.931050562,86.879186857,5429.5
371,27.929109886,86.87919196,5396.1
372,27.927382414,86.879313678,5486.5
373,27.925935198,86.87935056,5518.4
374,27.924000739,86.879594682,5440.3
375,27.922475085,86.879483386,5344.8
376,27.920451261,86.880057106,5218.8
377,27.918610084,86.880729217,5139.2
378,27.916451258,86.881505649,4999.2
379,27.91496534,86.88272999,4994.0
380,27.91498405,86.883454727,4987.3
381,27.916982195,86.885363756,4994.7
382,27.919823687,86.886536392,5045.9
383,27.923910354,86.887196292,5049.5
384,27.928439935,86.887380855,5079.9
385,27.935352511,86.887312806,5148.6
386,27.94076357,86.887275972,5190.4
387,27.945054228,86.887593348,5339.8
388,27.948536891,86.88786029,5602.2
389,27.957116228,86.889508522,6896.4
390,27.961182906,86.889806766,7211.0
391,27.965921584,86.890679934,7672.6
392,27.967812675,86.890657724,7462.9
393,27.972346658,86.890461372,7191.0
394,27.975240115,86.890116098,6906.7
395,27.979351897,86.88870893,6359.9
396,27.981732803,86.887905537,6248.3
397,27.987535099,86.887016554,6549.6
398,27.989380961,86.886685009,6727.5
399,27.992425897,86.886666682,6937.5
400,27.99580518,86.886571984,7132.8
401,27.997381541,86.886613021,7175.5
402,27.999148834,86.886419784,7058.5
403,28.002733391,86.886063144,6784.4
404,28.005780928,86.885958138,6555.0
405,28.00954746,86.885421979,6176.5
406,28.012311199,86.885087032,5934.7
407,28.015202169,86.884760263,5902.0
408,28.017472497,86.884462124,5882.2
409,28.018292502,86.883972955,5879.3
410,28.020559908,86.882967936,5863.6
411,28.021378929,86.882481704,5857.2
412,28.022196126,86.88199844,5838.1
413,28.023029071,86.881730465,5840.5
414,28.023863866,86.881460598,5821.1
415,28.024696216,86.881434015,5811.0
416,28.025737318,86.881400763,5789.8
417,28.026571005,86.881373824,5796.8
418,28.027615689,86.88133773,5785.6
419,28.029504075,86.881504296,5774.1
420,28.030343003,86.881474076,5757.8
421,28.032450848,86.882343291,5732.2
422,28.032874939,86.882800875,5729.9
423,28.033312264,86.884197542,5723.3
424,28.033331961,86.885605918,5725.2
425,28.031066967,86.888492186,5765.3
426,28.027744828,86.889996046,5794.3
427,28.025876113,86.89075494,5808.8
428,28.022527731,86.89158419,5869.6
429,28.018612886,86.891665499,5879.0
430,28.013214471,86.89161701,5968.6
431,28.008381036,86.892019023,6190.6
432,28.003646026,86.892246676,6637.9
433,27.999836477,86.892629185,6976.1
434,27.995129114,86.892929849,7197.9
435,27.991541648,86.892781722,6983.0
436,27.985562299,86.891747729,6477.9
437,27.980192478,86.890755783,6314.6
438,27.976632859,86.890954217,6673.4
439,27.9737674,86.891367591,7049.6
440,27.969310139,86.891704805,7242.0
441,27.966503398,86.892021079,7494.0
442,27.965276316,86.892360727,7606.2
443,27.964067444,86.892489777,7705.0
444,27.962477323,86.892697215,7568.9
445,27.959662349,86.892371351,7035.8
446,27.956405124,86.891996438,6636.2
447,27.954244209,86.892048191,6366.7
448,27.951759414,86.892287347,6051.9
449,27.948106871,86.891935328,5679.0
450,27.945039011,86.891936128,5410.4
451,27.94318252,86.892120239,5313.2
452,27.940679938,86.892317248,5223.5
453,27.937378715,86.892558411,5166.2
454,27.935303006,86.892614057,5152.9
455,27.932533114,86.893133316,5167.8
456,27.929671688,86.893383829,5109.5
457,27.928355571,86.893392355,5100.4
458,27.926829163,86.893406113,5083.3
459,27.925347212,86.893673906,5073.8
460,27.924921442,86.893681473,5063.7
461,27.922884725,86.894225463,5094.8
462,27.919628181,86.894567908,5131.5
463,27.918834239,86.894837159,5138.5
464,27.918027052,86.895340087,5165.0
465,27.916395531,86.896280683,5130.8
466,27.914021425,86.897691872,5038.5
467,27.912955649,86.899627088,5041.1
468,27.915166521,86.901041035,5062.2
469,27.920411035,86.902307794,5309.8
470,27.927788719,86.902270797,5511.6
471,27.935795464,86.901549274,5338.5
472,27.943986651,86.900820452,5534.8
473,27.947893948,86.901089201,6068.7
474,27.951382485,86.90117504,6618.9
475,27.955353462,86.901183173,7123.6
476,27.957997418,86.901117807,7371.4
477,27.960002216,86.901194188,7488.4
478,27.961419252,86.900673137,7502.1
479,27.963329171,86.900307005,7325.5
480,27.965778646,86.899665963,7143.4
481,27.967537734,86.899509103,6997.0
482,27.969747334,86.898470761,6851.2
483,27.973532689,86.897803296,6683.4
484,27.975064326,86.897266791,6580.8
485,27.978719124,86.896134199,6401.8
486,27.97990329,86.89585485,6357.7
487,27.982129897,86.895816209,6355.8
488,27.983766661,86.895814353,6429.9
489,27.987745981,86.896244138,6738.6
490,27.990822706,86.896849714,7014.3
491,27.99224541,86.897166975,7161.5
492,28.000312381,86.897449218,6862.3
493,28.006839529,86.897807159,6256.4
494,28.009365233,86.897577389,6061.7
495,28.011625941,86.897514326,6050.7
496,28.015541224,86.897404888,5981.8
497,28.016570534,86.897379709,5948.2
498,28.018634594,86.897325361,5922.5
499,28.020287969,86.897281828,5917.8
500,28.022869555,86.897069471,5997.9
501,28.023624325,86.897106607,6069.4
502,28.024590589,86.897130117,6125.1
503,28.026091898,86.896810492,6100.5
504,28.028049599,86.896688092,5967.2
505,28.029073269,86.896903977,5975.9
506,28.030093798,86.89712165,5970.5
507,28.031516803,86.89756979,5998.9
508,28.032582723,86.897876513,6105.2
509,28.032776227,86.899613026,6254.1
510,28.031314828,86.900819372,6306.8
511,28.029106475,86.901316299,6346.3
512,28.027590794,86.901631506,6432.1
513,28.024233935,86.902582408,6670.5
514,28.022410499,86.902743908,6483.2
515,28.02000055,86.903120214,6296.0
516,28.017131847,86.903285197,6137.1
517,28.01331297,86.903313618,6111.4
518,28.009017617,86.903410288,6114.0
519,28.006701857,86.90382079,6307.6
520,28.004234596,86.903981174,6603.2
521,28.002207719,86.904118114,6812.5
522,27.998827519,86.904360672,7153.0
523,27.994566243,86.904827553,7454.0
524,27.991407587,86.904787432,7214.2
525,27.986500921,86.904202098,6771.3
526,27.982785828,86.904154278,6574.8
527,27.979510554,86.904168496,6495.0
528,27.974732364,86.903839175,6571.5
529,27.973153545,86.903884726,6586.1
530,27.970064439,86.90400371,6692.4
531,27.968364427,86.90430599,6759.7
532,27.966203702,86.904445467,6975.3
533,27.963032274,86.904656262,7242.4
534,27.961173669,86.904580322,7348.2
535,27.956165343,86.904430949,6961.4
536,27.953468114,86.904379704,6797.8
537,27.950969928,86.904334611,6566.3
538,27.946017091,86.904110089,6026.8
539,27.942751648,86.904012674,5744.0
540,27.939101634,86.903998011,5554.3
541,27.937444535,86.903980948,5499.9
542,27.934318699,86.903993844,5381.4
543,27.932065869,86.90404875,5402.8
544,27.930647116,86.904086281,5441.9
545,27.929464789,86.904360497,5521.6
546,27.927166098,86.904404691,5409.7
547,27.925422711,86.904423813,5417.2
548,27.924644562,86.904408691,5367.9
549,27.922857801,86.904421584,5314.4
550,27.921463941,86.904422574,5290.1
551,27.919464381,86.904361525,5098.7
552,27.917594237,86.905083211,5046.1
553,27.917384058,86.90532709,5042.4
554,27.915904937,86.906554254,5037.5
555,27.914635088,86.907537698,5034.4
556,27.914215625,86.908025818,5034.1
557,27.912316696,86.909742005,5031.7
558,27.911935825,86.910952923,5040.3
559,27.912824935,86.911898709,5047.4
560,27.915844535,86.912803831,5068.4
561,27.921894348,86.913176005,5116.5
562,27.928308534,86.912599618,5208.5
563,27.929547977,86.912593293,5277.8
564,27.932908267,86.912549104,5372.5
565,27.938780594,86.911962528,5373.3
566,27.944980228,86.911733103,5809.1
567,27.951842409,86.910786187,6221.6
568,27.962874289,86.90996478,7167.4
569,27.963561212,86.909706676,7118.8
570,27.965295648,86.909390019,6945.4
571,27.972885607,86.908681441,6628.7
572,27.977423994,86.908565963,6556.8
573,27.981328722,86.90854182,6701.5
574,27.982386773,86.908779809,6797.5
575,27.985085704,86.909025738,6987.1
576,27.98673323,86.909265327,7143.1
577,27.987754052,86.909277085,7248.8
578,27.98876759,86.90928876,7318.9
579,27.990756477,86.909294313,7436.6
580,27.993870835,86.90861879,7603.4
581,27.997132579,86.90825473,7327.8
582,28.006537981,86.907273723,6455.1
583,28.010278643,86.906864362,6149.4
584,28.012319411,86.906587773,6136.6
585,28.015730119,86.906323805,6240.1
586,28.018438626,86.906117641,6438.5
587,28.020798192,86.905978711,6741.8
588,28.022075087,86.906012236,6874.0
589,28.023358521,86.906036085,7050.0
590,28.02467596,86.90603924,7115.5
591,28.025845472,86.906246581,7142.7
592,28.028288505,86.906169433,7004.7
593,28.028699701,86.906155465,6996.5
594,28.029458751,86.906601812,7039.1
595,28.03014277,86.907743683,7114.7
596,28.030524146,86.908634161,7106.3
597,28.028201394,86.910059055,7277.2
598,28.025737641,86.910801792,7481.9
599,28.022772363,86.910766149,7156.2
600,28.018775593,86.910729585,6638.0
601,28.014126219,86.910516722,6342.5
602,28.009899668,86.91058022,6195.8
603,28.002087815,86.910926189,6963.8
604,27.996615225,86.912039126,7472.5
605,27.992069863,86.912214412,7758.3
606,27.985402131,86.911297376,7167.5
607,27.974525524,86.910691642,6619.7
608,27.967876318,86.910631497,6738.8
609,27.963738101,86.911250747,7070.7
610,27.959304864,86.911457929,7357.2
611,27.953439296,86.911958042,6391.3
612,27.946930119,86.912662498,5996.2
613,27.939196625,86.913139127,5374.7
614,27.935102388,86.913445283,5347.9
615,27.929730018,86.914715265,5199.3
616,27.92537561,86.915508668,5123.8
617,27.923262882,86.916267356,5112.4
618,27.920910473,86.917029928,5115.4
619,27.917555502,86.918052946,5100.3
620,27.914406124,86.918833579,5219.5
621,27.911953946,86.91983416,5375.8
622,27.911131072,86.920559982,5458.5
623,27.910586765,86.921279883,5452.8
624,27.910520756,86.923425815,5330.3
625,27.911806846,86.925037523,5481.4
626,27.914870101,86.92702193,5772.9
627,27.917192591,86.928143248,5915.6
628,27.921089842,86.928564928,5726.3
629,27.927848676,86.929269645,5353.5
630,27.935416452,86.92963453,5236.7
631,27.941751338,86.929233024,5374.9
632,27.947163763,86.928071849,5665.9
633,27.952342804,86.92655221,6463.8
634,27.957499615,86.925698806,7497.5
635,27.959986113,86.925119207,7828.9
636,27.963273761,86.924680809,7715.3
637,27.966102389,86.923795347,7561.5
638,27.968628707,86.923117155,7395.9
639,27.97111002,86.922635469,7407.3
640,27.973985251,86.921924544,7370.8
641,27.975796155,86.921219798,7433.5
642,27.979690577,86.921548925,7692.8
643,27.983265594,86.921021972,7891.9
644,27.98442561,86.920780196,7887.6
645,27.985992859,86.920095208,7957.6
646,27.987786676,86.919831036,8207.5
647,27.989887186,86.919147142,8355.9
648,27.991673154,86.918697683,8130.6
649,27.995017826,86.918209815,7817.0
650,27.998066796,86.918154409,7601.5
651,28.003941658,86.91737969,7092.3
652,28.008009453,86.917296616,6681.5
653,28.010445272,86.917248659,6591.4
654,28.012666572,86.916978143,6636.8
655,28.015876721,86.916461533,6539.4
656,28.018981605,86.916193028,6825.7
657,28.021651453,86.916378868,7236.6
658,28.024262833,86.916553612,7383.6
659,28.025843141,86.916522483,7364.7
660,28.026055036,86.916517927,7335.9
661,28.028285017,86.91824735,7112.4
662,28.029658779,86.920015435,6976.1
663,28.028801551,86.920248328,7037.4
664,28.027734117,86.922035352,7170.9
665,28.026626501,86.922956915,7085.7
666,28.023022303,86.924227472,6754.3
667,28.016533467,86.92452832,6950.0
668,28.010900699,86.925239984,7177.2
669,28.0053585,86.925281407,7398.2
670,28.001251918,86.925070794,7633.4
671,27.996287968,86.925051659,8027.2
672,27.99369195,86.925023079,8289.0
673,27.990966129,86.924998794,8604.0
674,27.987347061,86.925013808,8688.4
675,27.986199525,86.924849196,8623.8
676,27.983897738,86.924933068,8458.7
677,27.980671016,86.9250926,8157.8
678,27.979062706,86.92515917,8012.8
679,27.978232966,86.92519967,7911.4
680,27.975308985,86.925335163,7693.0
681,27.971432145,86.925418257,7673.3
682,27.968298499,86.925490977,7593.4
683,27.965048892,86.925942573,7719.1
684,27.96311158,86.926377491,7854.7
685,27.959336733,86.926658408,7759.7
686,27.954725293,86.927268014,6802.5
687,27.949727545,86.928124872,6055.6
688,27.945649924,86.928621104,5545.3
689,27.941534189,86.929238518,5374.8
690,27.936936366,86.929597606,5267.5
691,27.932607378,86.929938886,5245.5
692,27.928126485,86.930206245,5376.3
693,27.923701916,86.930438144,5611.2
694,27.920430714,86.930841687,5903.9
695,27.918454518,86.931071032,6058.7
696,27.915713439,86.931863076,5878.7
697,27.91340098,86.932443927,5760.2
698,27.910003852,86.934269096,5522.9
699,27.910132696,86.935938402,5465.0
700,27.911956694,86.938049444,5467.4
701,27.915232588,86.939615209,5531.4
702,27.919852002,86.93977835,5806.3
703,27.924227776,86.939628211,5913.2
704,27.930091372,86.938963899,5711.6
705,27.937189617,86.938746801,5811.3
706,27.943335819,86.937800799,6030.6
707,27.946031621,86.937361572,6149.8
708,27.949420523,86.93686827,6403.5
709,27.952358912,86.936532922,6794.2
710,27.956756642,86.935881764,7416.0
711,27.961293141,86.934949437,8120.5
712,27.965270174,86.934818908,8027.8
713,27.967582549,86.935066658,7917.4
714,27.973101758,86.934419612,7806.2
715,27.977631789,86.933577612,7866.1
716,27.982448454,86.933198752,8042.4
717,27.985245077,86.932966025,8032.8
718,27.992459172,86.932549253,8127.3
719,27.995688582,86.932586658,8391.8
720,27.997554328,86.932587884,8302.4
721,28.001133293,86.93264444,8112.3
722,28.002854375,86.932688352,7987.3
723,28.004209354,86.932526797,7840.1
724,28.00656571,86.932607622,7566.9
725,28.009779978,86.932730797,7310.7
726,28.012474534,86.932859458,7002.8
727,28.01541411,86.932969631,6716.8
728,28.018282823,86.932752463,6624.7
729,28.02171419,86.93270554,6599.0
730,28.022723339,86.932690687,6587.8
731,28.024741757,86.932660079,6559.8
732,28.026110783,86.93238894,6560.2
733,28.027038562,86.932331604,6643.0
734,28.028128093,86.932254656,6695.9
735,28.029114795,86.933126713,6735.4
736,28.029461975,86.934769906,6659.9
737,28.029647664,86.936677885,6599.3
738,28.029718207,86.938075948,6488.5
739,28.027763309,86.938831617,6463.1
740,28.023101623,86.939120551,6483.7
741,28.018415105,86.93892111,6570.1
742,28.010478932,86.937648947,7196.7
743,28.007633095,86.937462074,7501.6
744,28.002530515,86.937154547,8063.9
745,27.996268998,86.937853621,7858.2
746,27.990652335,86.938620194,7539.3
747,27.976998998,86.939914795,7331.3
748,27.971460476,86.940767351,7177.1
749,27.96805458,86.94119987,7320.9
750,27.964323837,86.94183046,7596.4
751,27.959976098,86.942145935,8050.9
752,27.953528517,86.943547791,7210.3
753,27.948874138,86.944569153,6766.9
754,27.941928687,86.945612927,6293.9
755,27.935130921,86.946579185,5492.9
756,27.931285701,86.946772292,5357.8
757,27.928038506,86.946634354,5331.2
758,27.925082174,86.946379602,5393.5
759,27.923240849,86.946398988,5416.4
760,27.920187811,86.946259681,5374.2
761,27.917720813,86.946429682,5244.8
762,27.915448779,86.946527054,5191.6
763,27.913268076,86.947071028,5169.3
764,27.911137898,86.948078136,5155.1
765,27.911384356,86.949023281,5166.3
766,27.91228559,86.950428621,5171.6
767,27.915513188,86.952267733,5187.8
768,27.9193513,86.952900519,5211.0
769,27.926543917,86.952658823,5296.2
770,27.934813872,86.952142576,5572.9
771,27.942323684,86.950465118,6311.8
772,27.947108885,86.949460974,6918.4
773,27.95160112,86.94857613,7289.9
774,27.957600589,86.94744659,7949.3
775,27.962361186,86.948131031,7418.7
776,27.969397735,86.948678748,6813.7
777,27.976703638,86.947064989,6672.2
778,27.983730987,86.945338535,7186.3
779,27.98903152,86.944543191,7176.6
780,27.996682212,86.94279625,7460.5
781,28.002237478,86.94179792,7936.3
782,28.007695929,86.941204367,7499.6
783,28.016990755,86.941818415,6635.4
784,28.022755786,86.941654968,6452.0
785,28.024777859,86.941624347,6458.3
786,28.028647063,86.941585034,6412.6
787,28.030077399,86.941572134,6404.1
788,28.031729596,86.942021379,6383.2
789,28.03215094,86.942479266,6374.2
790,28.031590123,86.945016298,6374.2
791,28.029607797,86.947123912,6369.1
792,28.027588936,86.948293046,6367.1
793,28.025548609,86.948534227,6390.8
794,28.022303701,86.949473539,6412.2
795,28.017407607,86.949347648,6789.7
796,28.012204594,86.948905421,7239.6
797,28.003739915,86.948710181,7465.5
798,27.995135443,86.949967301,6862.2
799,27.977023977,86.951411883,6389.6
800,27.975983313,86.95147108,6403.4
801,27.969148588,86.952693334,6652.2
802,27.958243311,86.952727034,7688.2
803,27.940275628,86.955845675,6204.2
804,27.928638898,86.959468522,5318.5
805,27.922399134,86.961105159,5259.9
806,27.918906735,86.961845243,5275.5
807,27.917110014,86.96302736,5309.8
808,27.915298892,86.963977289,5336.0
809,27.913056038,86.965924024,5592.2
810,27.913706705,86.966845513,5616.4
811,27.914882365,86.967933875,5510.2
812,27.918616605,86.969196851,5447.5
813,27.922756656,86.969387028,5404.7
814,27.930734906,86.969066294,5513.7
815,27.935541054,86.968168518,5685.6
816,27.941800966,86.966671271,6232.7
817,27.945652047,86.96606896,6501.4
818,27.950471565,86.96502095,6969.8
819,27.957398483,86.96420547,7402.4
820,27.962841355,86.965977843,6588.5
821,27.967892854,86.966636042,5547.7
822,27.968918236,86.96664212,5548.2
823,27.974920553,86.966854576,5493.9
824,27.980342569,86.967010985,5478.1
825,27.985986881,86.967632387,5470.4
826,27.990192761,86.967651762,5551.6
827,27.995429233,86.967700239,5701.4
828,28.001799696,86.967681851,6396.2
829,28.00824228,86.968649014,5831.9
830,28.010719938,86.9686231,5811.6
831,28.014303022,86.967695704,6042.1
832,28.015622183,86.966895403,6174.7
833,28.017123502,86.965871566,6368.0
834,28.019431347,86.964456247,6515.8
835,28.021029155,86.963520811,6499.8
836,28.022633296,86.962818178,6497.9
837,28.024822059,86.962292108,6504.4
838,28.026570837,86.962605794,6588.7
839,28.027329634,86.96318741,6656.4
840,28.028070321,86.964184724,6744.9
841,28.028439996,86.965895002,6744.7
842,28.027298119,86.967330555,6720.2
843,28.02415245,86.969018232,6686.8
844,28.017638911,86.970345086,6315.5
845,28.008707922,86.971941849,5806.1
846,28.000238313,86.971620764,6236.6
847,27.990273238,86.975138065,5468.5
848,27.975054511,86.978278647,5437.4
849,27.964682633,86.978446237,5937.8
850,27.963711141,86.978374964,5955.3
851,27.957476141,86.977875346,6611.2
852,27.949812631,86.976899809,7132.0
853,27.942415958,86.977768069,6731.6
854,27.934776961,86.97870451,6367.3
855,27.929006558,86.978550612,6185.3
856,27.922890081,86.977734177,6196.4
857,27.917855979,86.975923158,6345.7
858,27.91005478,86.974483225,6180.8
859,27.90938482,86.974299415,6154.2
860,27.909825893,86.974735731,6162.8
861,27.911065142,86.976563349,6164.4
862,27.913138964,86.978828357,6158.2
863,27.916399468,86.980643584,6336.9
864,27.921134411,86.981324577,6533.5
865,27.925052217,86.982899983,6085.8
866,27.928929292,86.98395558,6023.6
867,27.935201142,86.984413677,6059.0
868,27.943946264,86.983321271,6872.4
869,27.951146328,86.982750404,7315.4
870,27.95179431,86.983146319,7225.5
871,27.955796824,86.984595189,6690.5
872,27.962321518,86.986601046,6183.6
873,27.964893864,86.987748549,5893.0
874,27.969768179,86.988297384,5670.2
875,27.975180893,86.988517843,5437.8
876,27.983741116,86.988437688,5402.5
877,27.99210445,86.987886034,5374.0
878,27.99776191,86.987513612,5383.6
879,28.003833049,86.987310642,5414.8
880,28.007592288,86.987177762,5453.3
881,28.012736534,86.98644723,5599.8
882,28.015948048,86.985486912,5774.2
883,28.017680238,86.984777103,5941.3
884,28.019062244,86.984347667,6027.5
885,28.021430168,86.984204018,5870.5
886,28.023480826,86.984144722,5876.1
887,28.025100502,86.983148419,5888.1
888,28.026088902,86.981909681,5934.3
889,28.02684485,86.980395598,5963.3
890,28.027041847,86.980148743,5968.0
891,28.025145681,86.978495363,5991.7
892,28.014594896,86.976009452,5721.7
893,28.013337558,86.975528316,5741.1
894,28.001503248,86.973961034,5983.8
895,28.000480889,86.97399631,6087.4
896,27.989229193,86.975410576,5465.9
897,27.981704159,86.975801717,5462.5
898,27.980869516,86.975812137,5455.3
899,27.971270928,86.974980471,5491.3
900,27.962069437,86.971964302,6335.5
901,27.955290614,86.969356285,7261.0
902,27.949745314,86.970367151,6835.9
903,27.946345626,86.971306821,6640.6
904,27.945002003,86.971701612,6564.4
905,27.943056633,86.973487417,6508.8
906,27.938384765,86.976114444,6376.6
907,27.931929273,86.978200542,6151.8
908,27.927854268,86.978979862,6201.9
909,27.925507986,86.979177581,6212.1
910,27.923268362,86.978290437,6255.0
911,27.920723611,86.977253234,6227.9
912,27.920201097,86.975541382,6102.4
913,27.91958115,86.971449256,5655.1
914,27.919407911,86.970033338,5507.7
915,27.919370052,86.9667294,5343.9
916,27.919544404,86.962069646,5264.4
917,27.919876176,86.956450537,5233.5
918,27.919999376,86.95240128,5201.4
919,27.920689662,86.948206706,5284.6
920,27.922162394,86.943913634,5620.0
921,27.923459188,86.940621459,5839.6
922,27.923767952,86.93431349,5802.5
923,27.922515594,86.92155004,5127.1
924,27.923350907,86.910513364,5107.9
925,27.925274619,86.901324375,5399.8
926,27.924774532,86.894899159,5093.3
927,27.924708541,86.893685261,5060.3
928,27.925049024,86.885778858,5094.8
929,27.926355356,86.879578177,5501.3
930,27.926121902,86.877102919,5397.0
931,27.925971576,86.874535513,5285.6
932,27.925684175,86.871997071,5162.3
933,27.925238196,86.869006039,5095.4
934,27.925255266,86.866173481,5120.6
935,27.925306877,86.864553136,5168.4
936,27.925473623,86.863097158,5133.6
937,27.925780534,86.861275723,5232.0
938,27.926346693,86.859732025,5279.5
939,27.92630645,86.857580988,5282.2
940,27.926649909,86.85580978,5347.8
941,27.926739579,86.85401269,5370.4
942,27.926891865,86.851887161,5248.4
943,27.927018875,86.850396837,5245.5
944,27.93003136,86.850819077,5455.3
945,27.932380174,86.851753073,5452.5
946,27.933642295,86.852688513,5355.6
947,27.935163836,86.856245931,5262.2
948,27.935723141,86.859689786,5219.1
949,27.935756063,86.864193525,5179.7
950,27.935146887,86.868874838,5285.9
951,27.935141626,86.872008834,5412.2
952,27.934428784,86.877164943,5559.1
953,27.933177754,86.881629476,5331.7
954,27.932169114,86.885943387,5163.2
955,27.931669333,86.889008722,5111.0
956,27.931212731,86.892662818,5149.8
957,27.930929192,86.897543191,5249.2
958,27.930998295,86.901413467,5345.9
959,27.931069564,86.906282747,5646.0
960,27.929872516,86.913530433,5247.1
961,27.929808623,86.921885533,5188.2
962,27.93007167,86.928792594,5199.9
963,27.930562939,86.934133901,5506.2
964,27.930990086,86.937749357,5752.1
965,27.929087857,86.943434532,5411.7
966,27.928272048,86.949970094,5303.8
967,27.927180211,86.955283898,5271.7
968,27.926536697,86.958424512,5235.9
969,27.926546097,86.96166173,5323.4
970,27.92629545,86.965028888,5443.0
971,27.925478607,86.97110258,5505.9
972,27.925533532,86.97528059,5924.2
973,27.925563481,86.977359684,6106.8
974,27.925173843,86.980924292,6127.1
975,27.92484251,86.983376718,6089.2
976,27.924803845,86.984816218,6060.1
977,27.924975211,86.985780047,6056.2
978,27.92534711,86.986745289,6037.2
979,27.92613382,86.987934978,6017.5
980,27.927512828,86.989608526,5997.3
981,27.930257182,86.990630871,5952.5
982,27.935166103,86.989381272,5934.4
983,27.937785522,86.987041079,6156.1
984,27.939747729,86.983615059,6449.7
985,27.941154675,86.979713488,6759.0
986,27.940576443,86.976866379,6546.2
987,27.93968207,86.973601572,6255.5
988,27.93972936,86.971355142,6074.9
989,27.940092472,86.969044721,6068.7
990,27.940967312,86.965002366,6118.8
991,27.942374919,86.960108544,6372.3
992,27.94359972,86.95565701,6536.3
993,27.944234153,86.950489699,6525.8
994,27.945630427,86.946023045,6765.3
995,27.94515643,86.942008129,6453.9
996,27.94434705,86.936386103,5931.9
997,27.943795912,86.933512834,5736.8
998,27.94345307,86.930342684,5466.2
999,27.943391402,86.926590205,5387.4
1000,27.943507238,86.921841565,5347.2
1001,27.943837385,86.918511613,5435.3
1002,27.944680948,86.913825815,5781.4
1003,27.945049745,86.910347086,5870.5
1004,27.945858275,86.906020815,6101.4
1005,27.945145985,86.902307083,5692.8
1006,27.944751853,86.898904167,5511.5
1007,27.94441254,86.894067923,5368.0
1008,27.944201018,86.889960006,5294.3
1009,27.944146152,86.885450225,5342.5
1010,27.944259495,86.881994178,5386.5
1011,27.944277496,86.878565786,5665.1
1012,27.943957926,86.874368513,5531.2
1013,27.943506346,86.86931648,5335.1
1014,27.943344811,86.865652045,5285.0
1015,27.943268293,86.862059263,5276.3
1016,27.94350581,86.859740279,5308.1
1017,27.943594649,86.858665754,5362.3
1018,27.943701162,86.857614219,5427.5
1019,27.944390965,86.855357642,5594.5
1020,27.946826329,86.851572893,5728.5
1021,27.949011922,86.850021452,5644.9
1022,27.950443986,86.849733848,5639.0
1023,27.951478712,86.849708055,5660.9
1024,27.951795223,86.854631777,5515.6
1025,27.951540301,86.859207196,5466.6
1026,27.951475232,86.866347617,5374.9
1027,27.951778059,86.874316072,5668.4
1028,27.952624142,86.880350147,6206.8
1029,27.953254216,86.886966404,6364.4
1030,27.953407947,86.890812104,6384.7
1031,27.953196261,86.896230777,6587.5
1032,27.953879175,86.902432359,6912.5
1033,27.954016635,86.907674567,6530.6
1034,27.957031291,86.915851538,7317.4
1035,27.958914389,86.920850944,7695.6
1036,27.959272863,86.92321005,7885.6
1037,27.959673219,86.926190925,7781.8
1038,27.959788509,86.927886142,7849.9
1039,27.96020198,86.929909838,8116.9
1040,27.959760867,86.93257018,8160.4
1041,27.959157381,86.93555685,7897.8
1042,27.95915888,86.936645257,7827.8
1043,27.959191108,86.938277882,7821.4
1044,27.959431953,86.941498086,8047.0
1045,27.959051059,86.944307207,8172.9
1046,27.958477417,86.946828788,8020.1
1047,27.957345848,86.950247778,7820.2
1048,27.95632042,86.953983168,7704.2
1049,27.955840016,86.956280242,7609.6
1050,27.955313644,86.958853653,7490.6
1051,27.954713378,86.961327729,7483.1
1052,27.953696726,86.964959169,7399.7
1053,27.952498988,86.96811153,7104.3
1054,27.950952733,86.971252129,6953.3
1055,27.950432491,86.973000316,6980.0
1056,27.949682068,86.975923506,7061.9
1057,27.949316769,86.976804141,7078.4
1058,27.949073967,86.978441482,7139.4
1059,27.948668118,86.980261327,7234.3
1060,27.948914434,86.98175066,7346.6
1061,27.949946753,86.982553297,7385.1
1062,27.953081365,86.982835772,7117.2
1063,27.956701209,86.980630054,6526.3
1064,27.959802996,86.977319251,6403.8
1065,27.960954777,86.972254557,6413.9
1066,27.961184225,86.969228112,6496.5
1067,27.961196231,86.965737493,6631.5
1068,27.961293412,86.962120548,6762.6
1069,27.961511907,86.956963875,6956.8
1070,27.963138459,86.948746688,7329.2
1071,27.963887329,86.945278397,7569.2
1072,27.96550502,86.940909317,7511.9
1073,27.966908136,86.936221588,7776.5
1074,27.967995127,86.931368765,7973.5
1075,27.968506169,86.925702433,7600.5
1076,27.968517569,86.919834457,7218.5
1077,27.96803072,86.909493803,6715.2
1078,27.967831132,86.903005446,6807.7
1079,27.967344093,86.892332475,7385.5
1080,27.966389177,86.882199199,7349.7
1081,27.964033983,86.87271267,5764.2
1082,27.963558735,86.866606597,5576.4
1083,27.962569134,86.860864913,5552.7
1084,27.961996382,86.857515597,5650.1
1085,27.961632589,86.856234556,5716.9
1086,27.961291737,86.854994506,5767.9
1087,27.961144614,86.851915997,5910.7
1088,27.960577829,86.84877483,5611.3
1089,27.961437412,86.848354143,5653.6
1090,27.962353428,86.847642611,5586.4
1091,27.964358058,86.847901135,5491.9
1092,27.965204734,86.848366185,5525.9
1093,27.968145435,86.849719055,5543.2
1094,27.970308072,86.856005767,6191.5
1095,27.971602498,86.86610161,6554.2
1096,27.972793001,86.875820884,7455.9
1097,27.972786603,86.880751554,7114.1
1098,27.972625454,86.887500894,7310.7
1099,27.972519743,86.890652394,7171.8
1100,27.972958092,86.898057938,6684.0
1101,27.975238587,86.907940211,6580.4
1102,27.977292622,86.915209847,7000.2
1103,27.978721008,86.922005338,7721.5
1104,27.979811233,86.92786121,8118.5
1105,27.979753635,86.932857886,7994.4
1106,27.979058113,86.941986977,7213.1
1107,27.978606969,86.946188949,6797.9
1108,27.978173139,86.950008017,6466.0
1109,27.977274748,86.954254055,6249.2
1110,27.976666191,86.958432343,5708.9
1111,27.976406725,86.961430094,5630.3
1112,27.976380541,86.965367473,5522.1
1113,27.976390569,86.968515285,5476.0
1114,27.976223228,86.971602197,5463.0
1115,27.976053738,86.974449479,5452.9
1116,27.975897394,86.978982267,5435.4
1117,27.975934703,86.98232787,5439.3
1118,27.976170999,86.984711382,5427.1
1119,27.976193004,86.986622867,5427.9
1120,27.977041798,86.987809006,5423.3
1121,27.978105476,86.989471918,5415.7
1122,27.979415593,86.993496743,5399.4
1123,27.979859911,86.99514275,5418.1
1124,27.982148679,86.994915665,5387.1
1125,27.985241786,86.991547022,5390.3
1126,27.987049941,86.985791372,5393.9
1127,27.988056945,86.981890062,5412.8
1128,27.988832806,86.977089932,5463.9
1129,27.989181604,86.971837355,5481.9
1130,27.989345185,86.964701935,5624.5
1131,27.989163286,86.961081222,5843.3
1132,27.989066796,86.955000181,6431.4
1133,27.989150472,86.951102815,6777.9
1134,27.989005695,86.947635748,6967.0
1135,27.989034035,86.944074768,7208.3
1136,27.98904772,86.942200105,7309.7
1137,27.988900457,86.939363602,7492.9
1138,27.988768341,86.935884528,7700.3
1139,27.98865983,86.932449877,8043.8
1140,27.988362525,86.929325088,8317.5
1141,27.98840811,86.927993894,8476.1
1142,27.988274936,86.925833038,8691.7
1143,27.987876551,86.924386288,8699.8
1144,27.987369083,86.922350007,8446.0
1145,27.987004154,86.92006472,8087.8
1146,27.986338893,86.91642193,7739.6
1147,27.985756048,86.913991797,7458.3
1148,27.985424273,86.911748327,7215.2
1149,27.98483455,86.908107936,6922.0
1150,27.984222423,86.903935002,6631.9
1151,27.983069424,86.899997273,6482.7
1152,27.982820742,86.898826154,6427.5
1153,27.981597599,86.890708434,6280.5
1154,27.980520783,86.887490774,6256.1
1155,27.980497727,86.886556489,6227.2
1156,27.98024754,86.884240078,6252.9
1157,27.980240626,86.881549006,6276.9
1158,27.980272064,86.879169868,6408.2
1159,27.980162506,86.876725063,6556.5
1160,27.980075759,86.874364448,6549.8
1161,27.977858974,86.866359053,6250.0
1162,27.976471941,86.860335129,5892.8
1163,27.976268581,86.854480837,5398.4
1164,27.976628357,86.852938873,5329.5
1165,27.976982048,86.850915049,5267.0
1166,27.978203854,86.850079067,5242.1
1167,27.978826887,86.849809912,5237.7
1168,27.981326914,86.848974327,5215.4
1169,27.983215465,86.848447235,5204.1
1170,27.984914634,86.848469791,5203.8
1171,27.986947036,86.852235789,5520.3
1172,27.988121,86.861822507,5979.1
1173,27.988295621,86.870619755,6033.6
1174,27.988208366,86.878053682,6046.9
1175,27.988913836,86.885611775,6662.5
1176,27.990101038,86.891352273,6870.3
1177,27.991010253,86.895962884,7015.5
1178,27.992747095,86.9023496,7280.1
1179,27.994467119,86.909914614,7555.8
1180,27.996636111,86.923564287,7943.2
1181,27.997752034,86.933208168,8338.2
1182,27.998583994,86.939542827,7849.4
1183,27.999072864,86.947081172,7331.2
1184,27.99952997,86.951462896,7006.3
1185,27.999825472,86.957782801,6676.4
1186,27.999874299,86.960968031,6458.4
1187,27.999994733,86.968964033,6162.9
1188,27.999690358,86.975934847,5823.6
1189,27.999561607,86.981442053,5512.4
1190,27.999407255,86.985303986,5402.6
1191,27.998841497,86.989648965,5378.8
1192,27.998858189,86.990843601,5385.7
1193,27.998874898,86.992043979,5371.7
1194,27.998902289,86.993971291,5357.6
1195,27.999754933,86.994897953,5374.7
1196,28.000596887,86.995101393,5372.2
1197,28.005151252,86.991762447,5421.0
1198,28.006977672,86.987920239,5438.4
1199,28.007346894,86.984796459,5450.7
1200,28.007424045,86.979390683,5631.9
1201,28.007492094,86.973373251,5797.4
1202,28.007839376,86.969351746,5832.2
1203,28.007982928,86.965357463,5859.8
1204,28.007691094,86.957721682,6307.1
1205,28.00779691,86.95163155,7080.9
1206,28.008104731,86.943569387,7573.3
1207,28.008218964,86.936613462,7473.8
1208,28.008347242,86.932436095,7402.8
1209,28.008104249,86.927422621,7440.2
1210,28.007727685,86.924831497,7268.2
1211,28.006950793,86.921111026,7035.0
1212,28.006179802,86.916430521,6800.0
1213,28.005563373,86.912808662,6582.6
1214,28.004915611,86.910109032,6611.4
1215,28.004478439,86.907393796,6598.4
1216,28.003831463,86.904232047,6654.3
1217,28.003169963,86.899924748,6597.8
1218,28.002721837,86.897247049,6599.8
1219,28.002040467,86.892836068,6758.0
1220,28.001371446,86.889434541,6957.2
1221,28.001138905,86.886943035,6954.0
1222,28.001119752,86.885034028,6869.9
1223,28.001500372,86.881721855,6582.3
1224,28.001701128,86.879529128,6320.3
1225,28.002096163,86.875807448,5973.5
1226,28.002712447,86.871106983,5543.2
1227,28.003072753,86.86562024,5406.2
1228,28.00324052,86.862460169,5359.8
1229,28.003223775,86.861252492,5351.7
1230,28.003185494,86.858610578,5337.0
1231,28.003133478,86.855000378,5308.5
1232,28.00311296,86.853549332,5304.4
1233,28.003309653,86.852575516,5304.4
1234,28.005177011,86.851139749,5287.8
1235,28.006003474,86.850711372,5356.2
1236,28.007228227,86.849366503,5370.2
1237,28.009096701,86.848402465,5373.3
1238,28.010981409,86.849919758,5459.1
1239,28.013187786,86.854940378,5363.1
1240,28.013433474,86.860334993,5478.4
1241,28.013139121,86.86664038,5826.4
1242,28.012709483,86.874300689,6014.1
1243,28.012824932,86.879054526,5948.8
1244,28.013322052,86.883900265,5922.9
1245,28.013386367,86.888806426,5929.9
1246,28.013678275,86.896755505,6019.0
1247,28.015128281,86.906795319,6217.6
1248,28.016461088,86.917133044,6573.3
1249,28.017839861,86.931159146,6642.7
1250,28.018427006,86.939828503,6571.2
1251,28.018694341,86.945259813,6572.0
1252,28.018700104,86.953671036,6755.5
1253,28.018894137,86.958885194,6556.9
1254,28.018090611,86.966844665,6464.9
1255,28.017429408,86.977763461,5814.1
1256,28.015944461,86.985030685,5755.7
1257,28.015582282,86.990089094,5800.7
1258,28.015765597,86.994193221,5611.1
1259,28.016282267,86.997506953,5501.5
1260,28.017517549,86.99763427,5538.4
1261,28.0208336,86.990520315,5689.8
1262,28.021460093,86.985408978,5858.0
1263,28.022053766,86.980066307,5972.1
1264,28.022418659,86.972474865,6758.1
1265,28.023154441,86.967720598,6670.0
1266,28.02482574,86.960075614,6446.9
1267,28.025613987,86.952433706,6375.8
1268,28.026109017,86.946448054,6405.2
1269,28.02615548,86.939992913,6478.3
1270,28.025858724,86.936092898,6496.9
1271,28.024693852,86.927141258,6707.9
1272,28.022647836,86.918128634,7185.4
1273,28.021873676,86.911208645,7045.3
1274,28.021527555,86.906679579,6879.9
1275,28.021416842,86.901935291,6291.3
1276,28.021526381,86.896780045,5929.1
1277,28.021506612,86.892306555,5879.6
1278,28.021667922,86.888556853,5844.0
1279,28.021620409,86.884572786,5855.1
1280,28.021815089,86.878471145,5957.7
1281,28.02151196,86.872073439,6548.5
1282,28.022587538,86.863908361,5816.1
1283,28.022786717,86.86052738,5712.1
1284,28.022730739,86.858720602,5762.0
1285,28.022624024,86.85729066,5821.5
1286,28.01307704,86.881587988,5933.6
1287,28.008298862,86.883839215,6180.3
1288,28.001943883,86.887568078,6920.2
1289,27.999779876,86.889123751,7076.6
1290,27.997832351,86.890412132,7187.8
1291,27.996479269,86.891569872,7277.1
1292,27.993940009,86.892879643,7110.8
1293,27.991568347,86.893932113,6990.8
1294,27.988130917,86.894897358,6752.4
1295,27.982725683,86.895341927,6346.5
1296,27.977921935,86.895710838,6435.5
1297,27.974682654,86.896619521,6640.9
1298,27.972954233,86.898278637,6676.5
1299,27.971017856,86.902614558,6673.1
1300,27.969784475,86.910347825,6684.7
1301,27.968622749,86.916939026,7043.3
1302,27.967558465,86.923562797,7465.2
1303,27.966621847,86.930335593,7971.4
1304,27.965780599,86.935052904,7980.9
1305,27.963562244,86.938958415,7730.1
1306,27.960649328,86.944165211,8053.3
1307,27.95811149,86.94913967,7860.5
1308,27.957939397,86.950806934,7748.6
1309,27.960112702,86.952596439,7398.6
1310,27.963202072,86.953571477,6970.0
1311,27.976248196,86.950438686,6511.0
1312,27.981819541,86.947447405,6935.5
1313,27.984683425,86.945147663,7157.0
1314,27.988859436,86.941501512,7344.7
1315,27.99181336,86.938587857,7578.0
1316,27.994921936,86.934255342,8112.9
1317,27.996757162,86.929882884,8212.0
1318,27.996924447,86.928842658,8160.1
1319,27.998714472,86.922702743,7736.6
1320,27.99899927,86.915940084,7424.5
1321,27.998533887,86.910858843,7295.7
1322,27.996483986,86.904269673,7310.7
1323,27.995479305,86.902097149,7378.6
1324,27.990913115,86.901580847,7074.2
1325,27.986336262,86.905127119,6832.8
1326,27.980320584,86.90922937,6706.4
1327,27.974807047,86.912736214,6737.4
1328,27.971818808,86.915971113,6861.2
1329,27.970695592,86.920678552,7227.0
1330,27.971570466,86.92499146,7645.4
1331,27.973839237,86.930061752,7853.6
1332,27.977443994,86.933362718,7859.1
1333,27.981097834,86.933683224,7962.5
1334,27.983022434,86.932747188,8097.0
1335,27.986873238,86.929135466,8321.6
1336,27.988827628,86.925400517,8743.5
1337,27.98878009,86.923958315,8688.3
1338,27.988274378,86.921705971,8457.0
1339,27.986912662,86.918576984,7967.2
1340,27.984114976,86.916233226,7520.3
1341,27.980194696,86.915619239,7235.1
1342,27.976768771,86.916563714,7067.1
1343,27.974093371,86.918842808,7149.5
1344,27.972008134,86.925845206,7692.7
1345,27.97331623,86.93113496,7867.2
1346,27.978986649,86.933530752,7929.9
1347,27.982821422,86.933195896,8058.8
1348,27.983574857,86.9329663,8053.9
1349,27.991175401,86.929252203,8481.3
1350,27.992621817,86.926269917,8386.2
1351,27.993400497,86.921019832,8108.1
1352,27.99318391,86.91995804,8050.0
1353,27.992575226,86.917610132,8008.2
1354,27.989974366,86.913758295,7788.9
1355,27.982876508,86.916247895,7474.7
1356,27.979021058,86.920921103,7595.1
1357,27.978659297,86.925391274,7949.7
1358,27.981387264,86.930790315,8207.3
1359,27.986919332,86.933407409,7935.6
1360,27.99015069,86.933997625,7910.2
1361,27.992495522,86.929848504,8508.9
1362,27.992798822,86.926063465,8377.6
1363,27.991294292,86.923750728,8498.5
1364,27.987354898,86.922143596,8422.8
1365,27.985528851,86.922011489,8170.3
1366,27.984123182,86.923502192,8253.5
1367,27.983872775,86.92473292,8445.1
1368,27.984540991,86.926355602,8541.4
1369,27.986044885,86.926521332,8546.8
1370,27.987736327,86.925203011,8699.8
1371,27.988312572,86.922326285,8527.0
1372,27.987687996,86.921301603,8354.5
1373,27.983995521,86.924120523,8366.1
1374,27.984525339,86.925731203,8558.4
1375,27.986917555,86.928027742,8430.1
1376,27.989913628,86.927302501,8657.3
1377,27.992746559,86.923757129,8369.6
1378,27.994824926,86.917997093,7827.5
1379,27.992924792,86.909305397,7619.6
1380,27.990808373,86.904993655,7160.9
1381,27.984117658,86.900475174,6570.7
1382,27.976048827,86.901275329,6490.6
1383,27.968732763,86.906303689,6708.4
1384,27.964866689,86.916797178,7184.6
1385,27.964802034,86.918132676,7266.4
1386,27.965903314,86.930335189,8022.5
1387,27.971008565,86.939556777,7323.3
1388,27.980069428,86.941924332,7227.1
1389,27.997831605,86.941046125,7636.4
1390,28.001346402,86.934344323,8122.7
1391,28.00222891,86.925927848,7628.2
1392,28.001386688,86.919415809,7351.2
1393,28.001180564,86.918538774,7343.5
1394,27.996305644,86.905173734,7337.1
1395,27.994061014,86.898588048,7354.4
1396,27.976990436,86.890449463,6618.8
1397,27.963660032,86.890607709,7597.0
1398,27.960055641,86.890159075,7122.5
1399,27.939773401,86.892068972,5177.9
1400,27.93303019,86.897738331,5260.1
1401,27.929971137,86.907232858,5537.8
1402,27.928862058,86.917359525,5144.3
1403,27.928858304,86.918794888,5149.8
1404,27.941605935,86.935882714,5789.9
1405,27.955349037,86.936813961,7271.7
1406,27.974313717,86.92813655,7795.5
1407,27.977285909,86.923536553,7758.5
1408,27.977467743,86.914757257,6974.1
1409,27.97643844,86.909043735,6574.4
1410,27.972369991,86.89942024,6672.6
1411,27.96938504,86.897390408,6887.0
1412,27.964196568,86.900453871,7246.2
1413,27.957895943,86.907609065,6951.7
1414,27.955315918,86.912668609,6633.0
1415,27.955356134,86.914023499,6665.7
1416,27.958336878,86.91341744,7325.4
1417,27.960664004,86.907236876,7187.4
1418,27.959721542,86.896383943,7333.1
1419,27.956092239,86.885263613,6609.8
1420,27.964316947,86.896367652,7406.4
1421,27.968059803,86.892048488,7328.0
1422,27.967564811,86.885842444,7740.9
1423,27.960655466,86.883057799,6732.6
1424,27.95719144,86.885766136,6689.0
1425,27.958097251,86.888592219,6948.4
1426,27.968398828,86.887607389,7677.8
1427,27.970946953,86.883296562,7560.4
1428,27.971114543,86.878802666,7490.1
1429,27.965925973,86.873004711,5990.1
1430,27.959322713,86.876074747,5752.9
1431,27.960733985,86.888520184,7078.5
1432,27.970696409,86.887342454,7538.3
1433,27.972964636,86.880724148,7063.1
1434,27.969369904,86.86979996,6422.6
1435,27.960813183,86.86498618,5610.0
1436,27.954362888,86.870203181,5428.9
1437,27.961403444,86.872349648,5658.4
1438,27.970088821,86.862830836,6467.8
1439,27.969771302,86.854168843,6085.8
1440,27.966117386,86.849883593,5573.5
1441,27.95081454,86.864924759,5360.7
1442,27.952272869,86.870946652,5396.7
1443,27.959250133,86.867415323,5508.2
1444,27.955006198,86.869974855,5442.7
1445,27.953772692,86.871420017,5453.8
1446,27.949075728,86.887926487,5646.2
1447,27.957212873,86.899731252,7277.4
1448,27.956188216,86.900607634,7207.7
1449,27.946198193,86.917997089,5583.4
1450,27.958043043,86.921727959,7729.4
1451,27.96035759,86.917783994,7533.1
1452,27.955474059,86.917862792,7057.6
1453,27.954362386,86.923934062,6778.0
1454,27.962903896,86.920800464,7510.9
1455,27.963192424,86.915505501,7224.5
1456,27.959542343,86.914735486,7424.2
1457,27.953446044,86.922423033,6517.3
1458,27.961704997,86.921468788,7634.9
1459,27.963514914,86.914828722,7187.4
1460,27.952695457,86.915606573,6288.1
1461,27.942893325,86.926134181,5349.7
1462,27.944675739,86.928902362,5456.7
1463,27.958872861,86.922571271,7879.8
1464,27.954250972,86.916065919,6590.8
1465,27.93930399,86.921455979,5244.6
1466,27.938464778,86.929320083,5309.3
1467,27.948172207,86.922401928,5831.4
1468,27.93880648,86.927655767,5277.7
1469,27.935230187,86.934552852,5395.6
1470,27.94049241,86.937744894,5843.8
1471,27.945342097,86.926750245,5499.6
1472,27.939493964,86.931171051,5390.9
1473,27.935688332,86.942949187,5514.9
1474,27.948914656,86.943512193,6674.7
1475,27.954378414,86.937134525,7138.1
1476,27.94527103,86.943926252,6578.5
1477,27.941043551,86.951100033,6121.8
1478,27.948250379,86.947888302,7022.2
1479,27.949654022,86.941022887,6632.2
1480,27.934949423,86.947760191,5484.5
1481,27.93188203,86.957197698,5500.2
1482,27.950035351,86.952618603,7227.1
1483,27.952547586,86.947462585,7242.9
1484,27.945869808,86.954836792,6822.3
1485,27.944546785,86.959340236,6564.6
1486,27.954930914,86.952943745,7632.8
1487,27.951054317,86.954127757,7247.2
1488,27.946215744,86.964304529,6567.9
1489,27.948925316,86.964479968,6749.5
1490,27.952614331,86.960578077,7250.7
1491,27.949733209,86.962002356,6916.6
1492,27.944666412,86.970915277,6519.2
1493,27.953381707,86.970915995,7169.9
1494,27.962188705,86.966952176,6550.2
1495,27.958176816,86.969618576,7025.4
1496,27.957413568,86.970737187,7017.9
1497,27.955801365,86.977919428,6761.7
1498,27.972755831,86.977832345,5468.3
1499,27.96995779,86.978594179,5495.7
1500,27.967300266,86.984471735,5894.8
1501,27.975764644,86.985671617,5431.0
1502,27.979279552,86.982516857,5433.9
1503,27.977631999,86.984697065,5423.6
1504,27.976064199,86.992070892,5436.7
1505,27.993436549,86.993384917,5359.0
1506,27.994878115,86.991453121,5361.7
1507,27.992212176,86.996053666,5340.3
1508,28.001622952,86.993612002,5394.8
1509,28.00222677,86.991918011,5407.6
1510,27.999318307,86.993711703,5366.9
1511,28.000589888,86.994619501,5374.0
1512,28.002439608,86.992149805,5406.9
1513,27.993633596,86.992417375,5362.3
1514,27.989303185,86.998256121,5341.6
1515,27.995517401,86.992161852,5361.2
1516,27.9958394,86.982721569,5639.1
1517,27.983935166,86.987239818,5405.0
1518,27.985372961,86.985318236,5407.1
1519,27.988003157,86.977580533,5457.2
1520,27.978178832,86.977511663,5443.9
1521,27.980197701,86.972499359,5456.3
1522,27.984733664,86.96011967,6217.2
1523,27.983683549,86.967941336,5457.4
1524,27.99189391,86.970499846,5510.7
1525,27.997286266,86.966153907,5899.1
1526,27.998450964,86.97525033,6002.6
1527,28.008513765,86.972656876,5796.9
1528,28.004913028,86.978433421,5641.5
1529,28.004423739,86.984895722,5426.7
1530,28.013878586,86.981556258,5682.9
1531,28.011131152,86.978953606,5712.2
1532,28.007365473,86.985992022,5450.1
1533,28.017599983,86.977202635,5861.4
1534,28.003922725,86.954332941,6996.0
1535,28.001713325,86.953210238,7154.2
1536,27.996351456,86.952873496,6691.7
1537,27.997460626,86.942736956,7502.3
1538,27.991367279,86.944794935,7172.5
1539,28.002557276,86.938681102,8017.8
1540,28.001561034,86.936247006,8151.0
1541,27.990198202,86.945482598,7134.4
1542,27.997043153,86.938724206,7812.8
1543,27.98970927,86.937016385,7617.5
1544,27.976877496,86.947557201,6620.2
1545,27.981894933,86.941792388,7333.6
1546,27.977996328,86.939869357,7390.1
1547,27.972354607,86.941268452,7057.6
1548,27.975770925,86.937598279,7459.6
1549,27.973354838,86.938608648,7376.4
1550,27.971722788,86.939814854,7273.4
1551,27.979938341,86.940726128,7326.9
1552,27.981503577,86.941579111,7314.8
1553,27.983720366,86.93962598,7576.7
1554,27.985812933,86.938962389,7550.6
1555,27.982757533,86.939196452,7585.2
1556,27.983573065,86.938231959,7635.8
1557,28.007366589,86.919105928,6833.7
1558,28.011506082,86.914710096,6375.9
1559,28.018930404,86.902575079,6194.0
1560,28.022714886,86.896088427,5929.6
1561,28.025460524,86.891477603,5825.9
1562,28.028541079,86.887397206,5783.4
1563,28.028697126,86.883879931,5762.7
1564,28.027834442,86.882033616,5778.7
1565,28.023063818,86.883589345,5837.9
1566,28.0206041,86.885765557,5862.2
1567,28.023939895,86.873765668,6324.3
1568,28.020204253,86.865668822,5727.7
1569,28.01013319,86.868545777,5687.2
1570,28.012098365,86.871127512,6039.5
1571,28.017781176,86.858890957,5484.2
1572,28.013853604,86.858309577,5400.0
1573,28.015291622,86.857131566,5413.5
1574,28.014638502,86.854474742,5375.8
1575,27.990186757,86.862486317,5991.1
1576,27.988321789,86.866673269,6247.6
1577,27.980520004,86.869847042,6767.5
1578,27.98063337,86.871656221,6756.0
1579,27.986684706,86.86944965,6116.6
1580,27.985139476,86.868695726,6348.7
1581,27.9813162,86.873739642,6493.4
1582,27.990161673,86.872845199,5998.8
1583,27.98792155,86.87294368,6021.8
1584,27.990420655,86.876325774,6014.2
1585,27.989907825,86.869180444,6034.4
1586,27.967782514,86.863937962,6128.2
1587,27.971986062,86.863426379,6304.0
1588,27.964330628,86.860303057,5635.7
1589,27.97213227,86.855230772,5883.6
1590,27.962890262,86.856919975,5691.9
1591,27.963668939,86.858876141,5611.1
1592,27.966085255,86.858841105,5726.0
1593,27.964522488,86.858899521,5644.6
1594,27.970954204,86.857406191,6202.0
1595,27.966105599,86.856832637,5762.3
1596,27.955206549,86.857212199,5548.5
1597,27.948068493,86.861689513,5380.6
1598,27.947404514,86.865403976,5322.5
1599,27.95275624,86.866114755,5377.9
1600,27.952087038,86.863982648,5372.9
1601,27.951230499,86.86374574,5364.6
1602,27.942981265,86.868059215,5288.5
1603,27.947821384,86.864924437,5327.1
1604,27.940908823,86.862531206,5256.6
1605,27.930237852,86.869949418,5144.7
1606,27.930476032,86.873420075,5222.0
1607,27.931555235,86.870195949,5172.1
1608,27.926691878,86.880466582,5440.8
1609,27.932964309,86.870509247,5239.1
1610,27.925827515,86.873504054,5226.4
1611,27.921660949,86.892284352,5049.5
1612,27.929996381,86.886432926,5125.2
1613,27.925477055,86.885772584,5099.0
1614,27.9219967,86.893275053,5061.8
1615,27.930197204,86.889756424,5098.6
1616,27.923057034,86.886972221,5060.1
1617,27.916371627,86.896990206,5133.2
1618,27.924867971,86.896357916,5108.5
1619,27.925724164,86.902787217,5506.0
1620,27.934836931,86.900586857,5278.0
1621,27.92804978,86.903219947,5521.1
1622,27.92365294,86.914582884,5121.2
1623,27.932267785,86.913966831,5284.6
1624,27.930734564,86.913753601,5254.2
1625,27.922653342,86.925559212,5346.8
1626,27.926882631,86.926228259,5242.1
1627,27.927019746,86.923137825,5144.5
1628,27.923052665,86.929274093,5607.6
1629,27.939260892,86.927880725,5294.4
1630,27.940063778,86.926677924,5301.7
1631,27.933211665,86.9206238,5191.3
1632,27.931601922,86.92399819,5202.5
1633,27.932219692,86.923270043,5206.2
1634,27.933854515,86.920372257,5194.8
1635,27.930515637,86.923781926,5195.9
1636,27.941934953,86.916181356,5393.7
1637,27.940445547,86.915486631,5341.0
1638,27.939511881,86.916212505,5287.6
1639,27.934709956,86.919877761,5212.1
1640,27.938007739,86.914574719,5305.0
1641,27.932771424,86.919198367,5193.4
1642,27.932348955,86.920162552,5185.2
1643,27.922924534,86.937931832,6001.2
1644,27.927354463,86.93502202,5713.0
1645,27.923174941,86.935635546,5984.8
1646,27.924404599,86.938409984,5961.6
1647,27.930537526,86.931846178,5374.4
1648,27.915934196,86.935398439,5832.5
1649,27.914959723,86.936190667,5700.8
1650,27.914689789,86.940896526,5434.6
1651,27.92259451,86.946655561,5391.4
1652,27.915578036,86.965132013,5345.7
1653,27.915338633,86.96647219,5390.1
1654,27.915699379,86.968994756,5567.3
1655,27.917534046,86.980608708,6451.9
1656,27.919993884,86.98136606,6663.5
1657,27.921642705,86.986412559,6436.5
1658,27.922396519,86.986624299,6370.9
1659,27.928708562,86.987972471,5995.1
1660,27.935179833,86.993385258,5925.9
1661,27.937047778,86.994512622,5917.9
1662,27.922654186,86.990753539,6352.1
1663,27.921414095,86.991076182,6357.3
1664,27.926848126,86.994855602,5943.0
1665,27.936633612,86.99357726,5928.3
1666,27.942200345,86.988634847,6434.8
1667,27.94312969,86.991712989,6442.3
1668,27.947426414,86.989686003,6994.0
1669,27.951993653,86.98851116,7356.2
1670,27.954265071,86.98980136,7163.5
1671,27.955344539,86.991317184,7049.7
1672,27.959037941,86.994457987,6612.6
1673,27.964511757,86.996359842,5927.6
1674,27.97012433,86.998389229,5647.9
1675,27.977094133,86.998826371,5523.9
1676,27.977504652,86.998842335,5515.8
1677,27.982884249,86.9999611,5442.1
1678,27.991847212,87.000142822,5319.5
1679,27.99793117,86.999536389,5330.0
1680,28.002741343,86.999048955,5439.3
1681,28.009364356,86.998230246,5643.8
1682,28.01607043,86.997276174,5500.8
1683,28.021186723,86.996377299,5630.2
1684,28.026496936,86.99511489,5673.2
1685,28.028464852,86.992326081,5745.7
1686,28.028342085,86.987511633,5805.8
1687,28.027205218,86.983897246,5852.4
1688,28.027494924,86.981585737,5959.4
1689,28.029820466,86.978107209,6028.0
1690,28.030900418,86.976008336,6099.9
1691,28.03135711,86.972236594,6321.1
1692,28.030640286,86.966750304,6764.6
1693,28.02874712,86.960965604,6600.8
1694,28.027855583,86.95891774,6459.7
1695,28.027676184,86.958058084,6419.7
1696,28.026849794,86.95423749,6373.7
1697,28.025402248,86.951526914,6379.0
1698,28.020408846,86.948499679,6506.3
1699,28.016526329,86.937076043,6629.3
1700,28.015038737,86.934113298,6701.8
1701,28.011827669,86.932150642,7086.3
1702,28.012562814,86.929234437,7122.0
1703,28.013324886,86.924567616,7023.0
1704,28.013087016,86.916057482,6561.1
1705,28.007315102,86.900967591,6204.7
1706,27.987561145,86.876192616,6037.5
1707,27.982421569,86.871048067,6518.4
1708,27.970637009,86.865536183,6564.9
1709,27.967564675,86.864369334,6054.9
1710,27.963709906,86.861235005,5615.1
1711,27.961653135,86.859600775,5509.7
1712,27.942990469,86.851482089,5430.0
1713,27.925767193,86.849727768,5251.4
1714,27.911977725,86.848522665,4956.5
1715,27.909856142,86.850070328,4874.2
1716,27.913417096,86.864717878,5004.7
1717,27.920075774,86.869664585,5078.4
1718,27.921356059,86.869884079,5114.7
1719,27.926296752,86.867799775,5095.9
1720,27.926942506,86.867084802,5108.5
1721,27.917161554,86.883912978,5004.9
1722,27.913627492,86.901538377,5021.7
1723,27.912206469,86.91575919,5090.9
1724,27.914139533,86.928664948,5815.0
1725,27.911542655,86.942257132,5246.1
1726,27.910964945,86.949270492,5163.7
1727,27.912013246,86.9582648,5405.7
1728,27.913088617,86.968160349,5896.8
1729,27.912822503,86.975283912,6209.0
1730,27.912178314,86.981746718,6099.5
1731,27.914037093,86.986135105,6114.6
1732,27.914677749,86.989888438,5897.9
1733,27.915081446,86.991066967,5850.7
1734,27.915020098,86.992537493,5827.9
1735,27.915476155,86.993435149,5856.2
1736,27.917277781,86.993312389,5961.9
1737,27.91521713,86.993722891,5848.4
1738,27.913705209,86.993991723,5791.8
1739,27.910721107,86.994476308,5621.5
1740,27.913866096,86.990773874,5823.1
1741,27.913582534,86.987512718,6002.8
1742,27.911817939,86.983269349,6067.7
1743,27.911365716,86.980358767,6104.9
1744,27.911205158,86.988845296,5789.4
1745,27.910736608,86.991365408,5619.2
1746,27.910472138,86.994991326,5580.6
1747,27.911936053,86.996388735,5579.8
1748,27.919748977,86.997665105,5752.5
1749,27.926778988,86.996347385,5915.0
1750,27.933695036,86.997255759,5863.4
1751,27.940760067,86.996920294,6185.4
1752,27.949832479,86.995925808,6421.8
1753,27.956703021,86.994689125,6764.2
1754,27.957395156,86.994409746,6716.9
1755,27.964332484,86.995347664,5992.9
1756,27.972491861,86.99650393,5538.4
1757,27.981763259,86.997044519,5394.2
1758,27.990565494,86.998478539,5334.0
1759,27.998984494,86.999757698,5323.1
1760,28.000875097,86.999853552,5362.2
1761,28.008971456,86.999669239,5642.4
1762,28.014875717,87.00000372,5461.2
1763,28.021699556,87.001185525,5582.8
1764,28.026938053,87.000804756,5751.4
1765,28.030398924,86.998936484,5981.2
1766,28.031541535,86.998023712,6039.3
1767,28.032279334,86.997814142,6095.4
1768,28.033414926,86.996022246,6163.5
1769,28.034274512,86.991193093,6173.2
1770,28.034349502,86.988919065,6352.1
1771,28.033771564,86.987429699,6237.2
1772,28.032864337,86.986326086,6097.6
1773,28.029356907,86.974023043,6173.6
1774,28.027381114,86.961493093,6582.0
1775,28.027203399,86.949222286,6371.8
1776,28.025823428,86.934716579,6512.3
1777,28.022995197,86.919903925,7102.6
1778,28.022369704,86.913014294,7139.1
1779,28.018032548,86.899681567,5995.3
1780,27.985813823,86.886327996,6331.9
1781,27.965125893,86.890458197,7747.6
1782,27.963856395,86.895368542,7514.4
1783,27.963532715,86.899651829,7346.0
